City_ID,City,Lat,Lng,Max Temp,Humidity,Cloudiness,Wind Speed,Country,Date
0,uturoa,-16.7333,-151.4333,27.68,74,4,7.71,PF,1738274331
1,bethel,41.3712,-73.414,-0.03,47,31,1.79,US,1738274142
2,vilyuysk,63.7553,121.6247,-40.95,100,87,1.32,RU,1738274267
3,bredasdorp,-34.5322,20.0403,20.55,61,0,4.77,ZA,1738274116
4,margaret river,-33.95,115.0667,15.74,90,5,3.18,AU,1738274121
5,port-aux-francais,-49.35,70.2167,6.94,88,98,14.43,TF,1738274114
6,iskateley,67.6803,53.1512,-18.19,99,56,2.72,RU,1738274341
7,grytviken,-54.2811,-36.5092,4.6,73,52,7.14,GS,1738274131
8,iqaluit,63.7506,-68.5145,-20.73,70,100,10.8,CA,1738274250
9,wildwood,38.5828,-90.6629,8.52,86,100,3.6,US,1738274345
10,arraial do cabo,-22.9661,-42.0278,27.92,65,75,6.17,BR,1738274119
11,adamovka,51.5223,59.9396,-9.65,97,96,2.5,RU,1738274347
12,whitehorse,60.7161,-135.0538,-19.99,70,75,5.14,CA,1738274270
13,puerto cabezas,14.0351,-83.3888,29.98,84,20,4.12,NI,1738274350
14,olonkinbyen,70.9221,-8.7187,-3.73,83,98,3.23,SJ,1738274122
15,ribeira brava,32.65,-17.0667,16.35,68,88,1.44,PT,1738274352
16,egilsstadir,65.2653,-14.3948,2.95,70,75,3.6,IS,1738274354
17,sirte,31.2089,16.5887,13.61,63,0,4.76,LY,1738274355
18,kutum,14.2,24.6667,12.96,28,32,4.96,SD,1738274356
19,blackmans bay,-43.0167,147.3167,15.96,71,70,0.89,AU,1738274117
20,aasiaat,68.7098,-52.8699,-12.21,65,65,6.36,GL,1738274287
21,teluk nibung,3.001,99.8164,22.42,97,40,1.73,ID,1738274360
22,bethlehem,-1.4558,-48.5044,27.02,89,75,2.06,BR,1738274362
23,barah,13.7,30.3667,17.25,22,4,5.01,SD,1738274363
24,isafjordur,66.0755,-23.124,-0.98,82,98,7.32,IS,1738274227
25,kodiak,57.79,-152.4072,-6.27,45,0,5.66,US,1738274241
26,muravlenko,63.7898,74.523,-29.51,100,34,2.15,RU,1738274367
27,jamestown,42.097,-79.2353,3.09,60,0,5.14,US,1738274208
28,edinburgh of the seven seas,-37.0676,-12.3116,14.64,60,17,2.46,SH,1738274157
29,badger,64.8,-147.5333,-26.68,76,40,1.54,US,1738274135
30,san patricio,28.017,-97.5169,21.97,71,100,6.1,US,1738274372
31,sitka,57.0531,-135.33,-0.06,69,75,4.12,US,1738274049
32,georgetown,5.4112,100.3354,25.96,68,20,2.06,MY,1738274002
33,hanzhong,33.0728,107.0303,5.78,90,100,1.38,CN,1738274376
34,portland,45.5234,-122.6762,6.36,82,100,2.06,US,1738274038
35,vilyuchinsk,52.9306,158.4028,-2.85,81,100,3.7,RU,1738274187
36,krustpils,56.5067,25.8738,4.18,89,92,3.65,LV,1738274381
37,adamstown,-25.066,-130.1015,25.23,68,46,5.99,PN,1738274181
38,butte,39.6499,-121.5677,12.94,63,5,1.64,US,1738274384
39,invercargill,-46.4,168.35,19.45,63,87,1.34,NZ,1738274385
40,atafu village,-8.5421,-172.5159,28.38,74,93,7.36,TK,1738274386
41,weno,7.4515,151.8468,28.97,74,75,5.14,FM,1738274388
42,vadso,70.0744,29.7487,-0.91,93,100,11.32,NO,1738274389
43,tchintabaraden,15.8969,5.7985,20.03,18,7,5.32,NE,1738274391
44,mar del plata,-38.0023,-57.5575,25.01,78,0,9.39,AR,1738274103
45,puerto natales,-51.7236,-72.4875,15.25,47,75,8.23,CL,1738274178
46,kupang,-10.1667,123.5833,25.32,94,75,1.03,ID,1738274396
47,bechar,31.6167,-2.2167,11.18,40,40,8.75,DZ,1738274397
48,anadyr,64.75,177.4833,-16.72,78,100,5.0,RU,1738274399
49,springs,-26.25,28.4,24.26,35,92,1.82,ZA,1738274400
50,ilulissat,69.2167,-51.1,-5.99,33,78,7.72,GL,1738274136
51,waitangi,-43.9535,-176.5597,16.57,77,20,3.58,NZ,1738274146
52,ribeira grande,38.5167,-28.7,18.22,82,75,8.49,PT,1738274248
53,creel,27.75,-107.6333,8.91,11,0,6.42,MX,1738274406
54,tiksi,71.6872,128.8694,-25.8,99,100,2.2,RU,1738274409
55,hithadhoo,-0.6,73.0833,27.84,75,100,6.14,MV,1738274410
56,popondetta,-8.7537,148.2534,25.12,92,100,0.69,PG,1738274411
57,puerto aysen,-45.4,-72.7,21.14,54,3,3.45,CL,1738274413
58,yellowknife,62.456,-114.3525,-27.55,92,100,1.54,CA,1738274235
59,smithers,54.7804,-127.1743,-5.82,68,20,3.09,CA,1738274415
60,college,64.8569,-147.8028,-26.0,70,40,1.54,US,1738274169
61,thompson,55.7435,-97.8558,-22.91,64,20,3.6,CA,1738274170
62,liperi,62.5333,29.3667,0.26,93,100,4.63,FI,1738274419
63,touros,-5.1989,-35.4608,27.06,73,14,4.78,BR,1738274420
64,susuman,62.7833,148.1667,-41.58,99,57,0.38,RU,1738274422
65,nuriootpa,-34.4833,139.0,15.96,59,0,5.5,AU,1738274423
66,motueka,-41.1333,173.0167,21.17,61,100,2.29,NZ,1738274425
67,tamandare,-8.7597,-35.1047,25.85,73,21,3.56,BR,1738274426
68,orsa,54.5153,30.4053,2.35,91,3,3.42,BY,1738274428
69,el granada,37.5027,-122.4694,13.02,69,100,2.57,US,1738274429
70,kathu,7.9178,98.3332,23.9,78,99,4.19,TH,1738274430
71,ushuaia,-54.8,-68.3,11.81,62,40,13.89,AR,1738274127
72,utrik,11.2278,169.8474,26.29,69,88,6.02,MH,1738274433
73,broken hill,-31.95,141.4333,19.68,33,0,8.04,AU,1738274434
74,port elizabeth,-33.918,25.5701,21.29,95,40,2.24,ZA,1738274150
75,ingenio la esperanza,-24.2255,-64.839,29.89,51,66,2.29,AR,1738274436
76,kruisfontein,-34.0033,24.7314,19.99,81,0,2.81,ZA,1738274438
77,kasama,-10.2129,31.1808,15.82,95,99,1.66,ZM,1738274441
78,papatowai,-46.5619,169.4708,17.24,54,92,1.41,NZ,1738274185
79,greenland,43.0362,-70.8328,-4.2,47,3,1.34,US,1738274443
80,hilo,19.7297,-155.09,28.4,81,100,6.26,US,1738274445
81,rongelap,11.1635,166.8941,26.34,71,66,8.35,MH,1738274202
82,alice springs,-23.7,133.8833,23.75,23,0,2.06,AU,1738274448
83,quelimane,-17.8786,36.8883,22.73,97,89,1.61,MZ,1738274449
84,kerikeri,-35.2268,173.9474,22.13,55,7,1.68,NZ,1738274450
85,flen,59.0583,16.5878,2.99,97,100,1.07,SE,1738274452
86,mahina,-17.5065,-149.489,30.87,66,0,4.63,PF,1738274453
87,szydlowiec,51.2282,20.8611,4.13,79,46,3.02,PL,1738274389
88,olinda,-8.0089,-34.8553,27.85,74,40,4.12,BR,1738274456
89,kone,-21.0595,164.8658,28.73,66,91,3.24,NC,1738274457
90,la passe,45.5549,-0.8967,7.0,82,100,5.7,FR,1738274219
91,puerto ayora,-0.7393,-90.3518,26.97,91,55,2.24,EC,1738274171
92,inari,68.906,27.0288,-4.11,98,100,0.55,FI,1738274461
93,amga,60.8953,131.9608,-41.08,100,100,0.57,RU,1738274463
94,viedma,-40.8135,-62.9967,31.76,21,0,10.56,AR,1738274464
95,shira,54.4911,89.9531,-16.72,99,100,0.93,RU,1738274465
96,isla mujeres,21.2311,-86.731,27.83,72,43,8.05,MX,1738274466
97,barranca,-10.75,-77.7667,23.19,74,41,4.56,PE,1738274468
98,port lincoln,-34.7333,135.8667,18.53,72,4,6.82,AU,1738274277
99,port mathurin,-19.6833,63.4167,26.86,82,94,9.0,MU,1738274234
100,minas de marcona,-15.2119,-75.1103,20.53,66,81,7.16,PE,1738274198
101,merizo village,13.2658,144.6691,27.43,76,100,10.64,GU,1738274473
102,kapa'a,22.0752,-159.319,25.82,87,100,0.89,US,1738274474
103,arauco,-37.2463,-73.3175,20.18,54,4,4.7,CL,1738274476
104,saint-philippe,-21.3585,55.7679,27.21,83,88,4.32,RE,1738274477
105,west island,-12.1568,96.8225,26.99,89,75,3.6,CC,1738274228
106,puerto baquerizo moreno,-0.9,-89.6,28.55,65,20,7.2,EC,1738274480
107,sonoita,31.85,-112.8333,15.96,32,0,3.74,MX,1738274481
108,vozhega,60.4725,40.2213,1.32,100,100,3.73,RU,1738274482
109,chanar ladeado,-33.3252,-62.0383,36.26,18,0,4.0,AR,1738274484
110,ain leuh,33.2921,-5.3384,0.88,91,80,2.33,MA,1738274485
111,lompoc,34.6391,-120.4579,17.05,64,75,4.12,US,1738274486
112,selfoss,63.9331,-20.9971,-3.93,77,79,2.73,IS,1738274488
113,riyadh,24.6877,46.7219,11.68,42,0,4.34,SA,1738274402
114,hasaki,35.7333,140.8333,5.85,41,3,7.15,JP,1738274490
115,haiku-pauwela,20.9219,-156.3051,26.05,77,100,4.92,US,1738274493
116,nova sintra,14.8667,-24.7167,23.28,74,0,10.28,CV,1738274494
117,talcahuano,-36.7167,-73.1167,19.82,64,0,6.17,CL,1738274496
118,longyearbyen,78.2186,15.6401,-1.09,86,75,7.72,SJ,1738274497
119,punta arenas,-53.15,-70.9167,13.06,54,0,11.32,CL,1738274216
120,colgong,25.2667,87.2167,12.54,54,80,1.17,IN,1738274500
121,qamdo,31.1667,97.2333,-4.99,57,99,3.09,CN,1738274501
122,veraval,20.9,70.3667,19.63,82,6,4.87,IN,1738274503
123,la ronge,55.1001,-105.2842,-21.86,59,20,2.06,CA,1738274505
124,coahuayana de hidalgo,18.7,-103.6583,30.07,47,11,2.91,MX,1738274507
125,bodaybo,57.8506,114.1933,-27.43,98,100,0.37,RU,1738274508
126,fortuna,40.5982,-124.1573,12.77,63,0,1.54,US,1738274509
127,ancud,-41.8697,-73.8203,16.51,81,2,7.62,CL,1738274512
128,port douglas,-16.4833,145.4667,27.41,82,100,1.55,AU,1738274513
129,gamba,-2.65,10.0,25.45,87,100,1.09,GA,1738274515
130,west end,26.6833,-78.9667,23.14,69,2,5.3,BS,1738274516
131,ghadamis,30.1337,9.5007,13.69,26,0,5.71,LY,1738274517
132,banda aceh,5.5577,95.3222,24.33,82,3,3.55,ID,1738274190
133,tangalle,6.024,80.7911,24.32,93,61,3.85,LK,1738274520
134,gua musang,4.8823,101.9644,18.35,99,71,0.39,MY,1738274521
135,nuuk,64.1835,-51.7216,-1.66,43,75,4.02,GL,1738274523
136,usogorsk,63.4106,48.6872,-0.32,98,100,3.06,RU,1738274524
137,taoudenni,22.6783,-3.9836,20.09,14,0,2.68,ML,1738274525
138,udachny,66.4167,112.4,-31.7,98,98,1.85,RU,1738274527
139,albany,42.6001,-73.9662,-3.01,51,91,0.71,US,1738274113
140,qaqortoq,60.7167,-46.0333,-6.66,73,100,5.76,GL,1738274529
141,zalingei,12.9096,23.4741,17.31,22,12,1.01,SD,1738274531
142,askoy,60.4092,5.226,2.09,100,20,1.03,NO,1738274532
143,kota tinggi,1.7381,103.8999,22.13,89,84,1.94,MY,1738274535
144,smirnykh,49.75,142.8333,-11.38,88,100,3.45,RU,1738274536
145,verkhnevilyuysk,63.4453,120.3167,-40.4,100,85,1.01,RU,1738274537
146,rocky mountain house,52.3668,-114.9188,-2.94,80,100,3.6,CA,1738274539
147,hawaiian paradise park,19.5933,-154.9731,28.28,83,40,8.23,US,1738274162
148,kudat,6.8837,116.8477,24.05,100,100,0.0,MY,1738274541
149,anatuya,-28.4606,-62.8347,32.17,38,0,3.59,AR,1738274543
150,geraldton,-28.7667,114.6,21.23,94,20,2.06,AU,1738274544
151,zhalantun,48.0,122.7167,-23.99,87,71,3.43,CN,1738274546
152,dudinka,69.4058,86.1778,-23.28,97,100,6.44,RU,1738274328
153,parkes,-33.1333,148.1833,25.6,58,0,5.18,AU,1738274548
154,palmer,42.1584,-72.3287,-2.8,41,40,0.0,US,1738274549
155,kiama,-34.6833,150.8667,21.88,88,97,0.89,AU,1738274551
156,yokadouma,3.5167,15.05,20.94,25,72,0.69,CM,1738274552
157,ostersund,63.1792,14.6357,-0.75,86,75,4.12,SE,1738274554
158,ust-nera,64.5667,143.2,-39.87,99,67,0.95,RU,1738274555
159,miles city,46.4083,-105.8406,4.54,56,0,3.09,US,1738274556
160,chibougamau,49.9168,-74.3659,-19.21,78,100,3.6,CA,1738274557
161,kasimov,54.9411,41.3953,2.41,95,100,3.33,RU,1738274559
162,sodankyla,67.4167,26.6,-1.63,99,100,0.87,FI,1738274560
163,bonthe,7.5264,-12.505,26.12,84,2,2.96,SL,1738274561
164,magadan,59.5667,150.8,-22.32,73,0,4.52,RU,1738274563
165,carauari,-4.8828,-66.8958,26.49,94,89,0.87,BR,1738274564
166,dryden,49.7833,-92.7503,-1.84,74,100,2.06,CA,1738274565
167,lewiston orchards,46.3804,-116.9754,10.07,47,40,1.71,US,1738274567
168,inarajan village,13.2736,144.7484,27.66,76,100,10.71,GU,1738274568
169,ornskoldsvik,63.2909,18.7153,-3.47,93,20,4.12,SE,1738274570
170,batesville,35.7698,-91.641,11.8,100,100,1.84,US,1738274571
171,magistral'nyy,56.1725,107.4458,-35.16,100,77,0.71,RU,1738274572
172,wailua homesteads,22.0669,-159.378,25.44,86,100,12.86,US,1738274573
173,forster,-32.1667,152.5167,22.43,94,55,1.51,AU,1738274575
174,khovd,48.0056,91.6419,-19.01,79,61,1.49,MN,1738274576
175,sanctuary point,-35.1114,150.629,20.65,77,99,2.48,AU,1738274577
176,at taj,24.2049,23.2857,13.19,46,67,4.9,LY,1738274580
177,sisimiut,66.9395,-53.6735,-9.95,63,82,7.21,GL,1738274581
178,wajir,1.7471,40.0573,29.25,36,2,5.5,KE,1738274583
179,brisas de zicatela,15.8369,-97.0419,31.29,66,0,5.14,MX,1738274584
180,saudarkrokur,65.7461,-19.6394,0.33,87,100,4.99,IS,1738274585
181,lebu,-37.6167,-73.65,17.82,74,2,3.17,CL,1738274587
182,kenai,60.5544,-151.2583,-13.25,65,0,2.57,US,1738274588
183,bilibino,68.0546,166.4372,-40.09,100,90,0.36,RU,1738274590
184,puri,19.8,85.85,23.47,84,6,5.32,IN,1738274591
185,mangrol,21.1167,70.1167,20.52,79,7,4.51,IN,1738274592
186,mejit,10.2753,170.8646,26.69,77,47,6.81,MH,1738274595
187,yanbu,24.0891,38.0637,19.02,55,0,1.54,SA,1738274596
188,constantia,44.1833,28.65,7.38,89,100,3.81,RO,1738274598
189,waynesboro,38.0685,-78.8895,9.76,42,100,1.84,US,1738274599
190,saipan,15.1355,145.701,28.39,80,40,8.05,MP,1738274602
191,bahau,2.8079,102.4049,19.8,94,73,1.07,MY,1738274603
192,stanley,54.868,-1.6985,0.85,90,0,1.03,GB,1738274604
193,cill airne,52.05,-9.5167,8.38,98,100,2.67,IE,1738274606
194,tabas,33.5959,56.9244,7.12,31,0,3.09,IR,1738274607
195,srandakan,-7.9386,110.2506,23.77,88,100,2.54,ID,1738274609
196,puno,-15.8333,-70.0333,10.29,66,53,3.55,PE,1738274610
197,papao,-17.75,-149.55,30.82,75,13,8.27,PF,1738274611
198,wonsan,39.1528,127.4436,-4.84,49,3,2.97,KP,1738274613
199,woodward,36.4337,-99.3904,14.42,40,40,0.0,US,1738274614
200,antalaha,-14.9003,50.2788,25.24,92,9,1.4,MG,1738274615
201,mariental,-24.6333,17.9667,28.3,21,82,9.31,NA,1738274616
202,richards bay,-28.783,32.0377,23.63,87,55,3.11,ZA,1738274618
203,salalah,17.0151,54.0924,26.05,22,0,8.75,OM,1738274619
204,nouadhibou,20.931,-17.0347,19.99,64,0,11.32,MR,1738274620
205,mogocha,53.7333,119.7667,-20.49,99,100,0.95,RU,1738274622
206,baglung,28.2719,83.5898,9.11,51,9,2.89,NP,1738274623
207,mount pearl,47.5166,-52.7813,-4.36,91,100,8.23,CA,1738274625
208,kismayo,-0.3582,42.5454,24.62,83,45,5.49,SO,1738274626
209,ambovombe,-25.1667,46.0833,24.97,87,10,4.34,MG,1738274627
210,howrah,22.5892,88.3103,22.0,88,20,2.06,IN,1738274629
211,anzhero-sudzhensk,56.081,86.0285,-18.68,98,90,2.31,RU,1738274630
212,afaahiti,-17.75,-149.2833,26.5,77,24,7.46,PF,1738274631
213,homer,59.6425,-151.5483,-11.06,48,0,4.63,US,1738274632
214,ofunato,39.0717,141.7167,-0.4,67,48,8.83,JP,1738274634
215,saint-pierre,-21.3393,55.4781,27.82,74,75,2.06,RE,1738274636
216,nar'yan-mar,67.6713,53.087,-18.22,99,62,2.7,RU,1738274637
217,xilin hot,43.9667,116.0333,-25.14,95,78,1.56,CN,1738274638
218,avarua,-21.2078,-159.775,30.03,74,40,5.66,CK,1738274640
219,bintulu,3.1667,113.0333,25.23,94,20,0.0,MY,1738274641
220,la libertad,-2.2333,-80.9,27.81,74,20,3.09,EC,1738274645
221,hamilton,39.1834,-84.5333,8.47,57,100,5.66,US,1738274647
222,pyetrykaw,52.1289,28.4921,3.73,87,20,2.48,BY,1738274648
223,ketchikan,55.3422,-131.6461,2.41,74,40,2.57,US,1738274649
224,enewetak,11.3474,162.3373,26.94,76,50,8.1,MH,1738274651
225,patancheru,17.5314,78.265,20.06,52,69,2.69,IN,1738274654
226,hobyo,5.3505,48.5268,23.97,81,10,7.83,SO,1738274655
227,miki,34.8,134.9833,0.65,76,10,0.32,JP,1738274656
228,amasra,41.7463,32.3863,10.93,67,100,1.26,TR,1738274658
229,codrington,-38.2667,141.9667,17.25,64,75,1.63,AU,1738274659
230,vila velha,-20.3297,-40.2925,27.19,82,0,7.2,BR,1738274660
231,backa topola,45.8152,19.6318,7.85,86,44,2.62,RS,1738274662
232,manokwari,-0.8667,134.0833,26.43,76,89,1.66,ID,1738274663
233,villa gesell,-37.2639,-56.973,22.82,73,0,8.35,AR,1738274664
234,mount gambier,-37.8333,140.7667,17.3,65,66,0.68,AU,1738274666
235,fuerte olimpo,-21.0415,-57.8738,25.84,80,89,3.19,PY,1738274667
236,margate,51.3813,1.3862,3.72,84,4,4.63,GB,1738274668
237,puerto madryn,-42.7692,-65.0385,33.75,20,0,15.51,AR,1738274670
238,greymouth,-42.4667,171.2,18.15,61,96,1.21,NZ,1738274671
239,island harbour,50.724,-1.2758,4.4,81,36,4.14,GB,1738274672
240,karratha,-20.7377,116.8463,31.2,57,94,2.24,AU,1738274674
241,strenci,57.6257,25.6854,4.53,82,100,4.64,LV,1738274675
242,cedeira,43.6797,-8.0209,7.76,28,100,2.09,ES,1738274677
243,mossel bay,-34.1831,22.146,21.69,78,81,3.59,ZA,1738274678
244,vorgashor,67.5833,63.95,-17.65,98,100,2.15,RU,1738274679
245,hirara,24.8,125.2833,18.15,68,75,3.6,JP,1738274681
246,bardai,11.65,7.2333,19.78,20,56,4.54,NG,1738274684
247,keflavik,64.0049,-22.5624,0.24,86,0,3.09,IS,1738274685
248,hermanus,-34.4187,19.2345,21.56,77,21,5.49,ZA,1738274687
249,shuangcheng,45.35,126.2833,-20.67,95,94,2.19,CN,1738274688
250,laguna,38.421,-121.4238,14.02,65,20,3.09,US,1738274689
251,chonchi,-42.6128,-73.8092,19.89,62,15,3.89,CL,1738274691
252,acarau,-2.8856,-40.12,25.55,87,56,4.51,BR,1738274692
253,howard springs,-12.497,131.047,24.95,100,100,2.21,AU,1738274693
254,rio grande,-32.035,-52.0986,22.67,73,23,6.22,BR,1738274695
255,chaltyr,47.2848,39.4823,5.05,56,73,2.25,RU,1738274696
256,al mutayrifi,25.4788,49.5576,12.19,34,0,5.14,SA,1738274698
257,pemangkat,1.1667,108.9667,25.19,85,100,4.57,ID,1738274699
258,trinidad,-14.8333,-64.9,23.99,94,100,1.54,BO,1738274700
259,hammerfest,70.6634,23.6821,-0.75,93,75,4.63,NO,1738274701
260,kaffrine,14.1059,-15.5508,25.63,12,0,4.5,SN,1738274703
261,sanibel,26.449,-82.0223,24.04,74,17,1.34,US,1738274704
262,tolanaro,-25.0319,46.9987,26.32,84,70,3.06,MG,1738274706
263,punta del este,-34.9667,-54.95,24.06,83,20,6.69,UY,1738274708
264,kuanda,56.3161,116.0806,-26.0,97,100,0.35,RU,1738274710
265,chingirlau,51.095,54.0814,-2.36,99,99,2.81,KZ,1738274711
266,selma,36.5708,-119.6121,16.23,51,0,0.0,US,1738274683
267,nova vicosa,-17.8919,-39.3719,25.54,82,24,4.87,BR,1738274714
268,axim,4.8699,-2.2405,26.34,87,7,2.13,GH,1738274716
269,carnarvon,-24.8667,113.6333,27.69,72,5,4.0,AU,1738274718
270,petropavlovsk-kamchatsky,53.0452,158.6483,-3.67,46,75,8.0,RU,1738274719
271,attapeu,14.8,106.8333,13.55,84,30,0.81,LA,1738274721
272,kingscliff,-28.2667,153.5667,26.89,74,100,3.6,AU,1738274724
273,monduli,-3.3,36.45,15.24,89,85,1.81,TZ,1738274725
274,owen sound,44.5672,-80.9435,-0.38,71,100,1.79,CA,1738274726
275,isyangulovo,52.1909,52.1909,-7.36,100,99,2.7,RU,1738274727
276,sasebo,33.1592,129.7228,1.23,81,50,1.2,JP,1738274729
277,saldanha,-33.0117,17.9442,18.86,81,66,4.51,ZA,1738274730
278,el trebol,-32.2008,-61.7014,35.3,19,0,4.79,AR,1738274732
279,sa pa,22.3402,103.8441,7.43,92,68,0.38,VN,1738274734
280,east ballina,-28.8667,153.5833,25.19,73,61,2.67,AU,1738274735
281,pocone,-16.2567,-56.6228,28.23,74,97,2.37,BR,1738274736
282,yangiyer,40.275,68.8225,0.25,72,55,1.47,UZ,1738274738
283,vila franca do campo,37.7167,-25.4333,16.23,87,89,3.47,PT,1738274739
284,fort wellington,6.4,-57.6,26.05,80,79,5.15,GY,1738274741
285,cockburn town,21.4612,-71.1419,24.9,78,46,10.37,TC,1738274742
286,yaren,-0.5472,166.916,27.07,78,53,6.95,NR,1738274743
287,chulym,55.0997,80.9572,-16.16,97,94,2.81,RU,1738274745
288,gadzhiyevo,69.2551,33.3362,-0.33,90,100,10.76,RU,1738274739
289,altar,30.7,-111.8167,17.5,24,0,3.33,MX,1738274747
290,sinop,41.7711,34.8709,8.89,40,100,3.14,TR,1738274749
291,coquimbo,-29.9533,-71.3436,18.85,80,40,4.63,CL,1738274751
292,huarmey,-10.0681,-78.1522,23.54,78,72,4.68,PE,1738274753
293,kirensk,57.7853,108.1119,-37.22,100,61,0.29,RU,1738274754
294,luanda,-8.8368,13.2343,28.0,74,40,2.57,AO,1738274756
295,la sarre,48.8002,-79.1996,-10.39,95,100,2.59,CA,1738274757
296,suncho corral,-27.9336,-63.4294,34.36,31,0,5.39,AR,1738274758
297,talnakh,69.4865,88.3972,-21.3,99,100,3.81,RU,1738274759
298,santa maria del oro,25.9333,-105.3667,22.16,5,37,11.86,MX,1738274761
299,salinopolis,-0.6136,-47.3561,25.87,88,100,5.38,BR,1738274762
300,road town,18.4167,-64.6167,27.02,78,75,3.09,VG,1738274763
301,novodvinsk,64.4165,40.8122,-0.14,100,100,3.28,RU,1738274765
302,nguigmi,14.2495,13.1092,19.86,24,25,6.33,NE,1738274766
303,kingston,17.997,-76.7936,30.53,58,20,9.77,JM,1738274476
304,grootfontein,-19.5667,18.1167,22.15,40,9,1.87,NA,1738274769
305,santanyi,39.3546,3.1291,10.18,76,13,3.22,ES,1738274771
306,box elder,41.5005,-112.8764,1.25,51,1,1.16,US,1738274772
307,shenjiamen,29.9576,122.298,11.74,80,47,5.85,CN,1738274773
308,polatli,39.5772,32.1413,6.66,43,100,0.29,TR,1738274775
309,cidreira,-30.1811,-50.2056,23.53,76,20,4.87,BR,1738274776
310,flying fish cove,-10.4217,105.6791,25.82,94,100,5.14,CX,1738274778
311,mahibadhoo,3.7833,72.9667,27.21,80,100,4.75,MV,1738274780
312,santyoku,37.4406,129.1708,-0.74,71,0,4.2,KR,1738274781
313,punta alta,-38.8759,-62.0736,32.69,32,0,3.14,AR,1738274782
314,gewane,10.1664,40.6453,24.62,42,28,3.22,ET,1738274784
315,klaksvik,62.2266,-6.589,3.05,62,100,7.73,FO,1738274785
316,porto novo,6.4965,2.6036,26.95,80,35,2.75,BJ,1738274786
317,jinchang,38.4953,102.1739,-4.92,34,100,0.74,CN,1738274788
318,mogadishu,2.0371,45.3438,24.46,89,11,7.34,SO,1738274742
319,tura,25.5198,90.2201,14.78,92,100,1.79,IN,1738274790
320,sinabang,2.4803,96.3801,25.01,83,38,0.54,ID,1738274792
321,basco,20.4487,121.9702,22.18,84,100,12.0,PH,1738274793
322,colonia,50.9333,6.95,4.36,90,20,2.57,DE,1738274795
323,zhongshan,21.3226,110.5829,17.47,91,100,6.94,CN,1738274796
324,ceerigaabo,10.6162,47.368,13.26,31,18,3.69,SO,1738274798
325,qa'en,33.7265,59.1844,-2.2,66,0,1.61,IR,1738274799
326,kobryn,52.2138,24.3564,4.72,85,70,3.32,BY,1738274800
327,la'ie,21.6477,-157.9253,24.66,74,88,10.79,US,1738274802
328,midvagur,62.0511,-7.1939,1.46,69,75,6.69,FO,1738274803
329,happy valley-goose bay,53.3168,-60.3315,-19.83,54,100,5.14,CA,1738274804
330,lolodorf,3.2333,10.7333,21.88,97,43,0.71,CM,1738274806
331,dalhart,36.0595,-102.5133,4.01,81,40,0.0,US,1738274521
332,princeville,45.7668,-61.2985,-13.59,86,100,8.75,CA,1738274810
333,san mariano,7.5,126.0,21.64,95,100,1.1,PH,1738274811
334,duck lake,52.8168,-106.2344,-11.62,91,100,4.14,CA,1738274813
335,polyarnyy,69.1989,33.4478,-0.39,89,100,10.61,RU,1738274815
336,guadalupe y calvo,26.1,-106.9667,12.03,10,0,4.55,MX,1738274816
337,erenhot,43.6475,111.9767,-17.02,81,8,2.0,CN,1738274818
338,brookings,44.3114,-96.7984,11.0,38,0,5.66,US,1738274819
339,mili,6.0815,171.735,27.29,80,25,8.23,MH,1738274820
340,najran,17.4924,44.1277,13.31,48,1,2.37,SA,1738274822
341,aktyubinskiy,54.8137,52.8056,-2.72,97,98,3.68,RU,1738274823
342,tulum,20.2167,-87.4667,26.97,73,39,3.86,MX,1738274824
343,tazacorte,28.629,-17.9293,17.54,71,100,6.71,ES,1738274827
344,tralee,52.2704,-9.7026,8.86,94,100,4.18,IE,1738274828
345,cabedelo,-6.9811,-34.8339,27.37,70,6,4.16,BR,1738274830
346,zheleznogorsk-ilimskiy,56.5768,104.1217,-36.55,100,64,0.63,RU,1738274831
347,nazare,-13.035,-39.0144,24.5,79,22,1.81,BR,1738274832
348,camacupa,-12.0167,17.4833,16.48,98,100,1.45,AO,1738274834
349,palikir - national government center,6.9248,158.1611,28.47,70,100,5.14,FM,1738274836
350,yeppoon,-23.1333,150.7333,27.11,72,100,8.46,AU,1738274838
351,lerwick,60.1545,-1.1494,4.32,87,100,6.09,GB,1738274839
352,thai binh,20.45,106.3333,17.8,93,74,1.79,VN,1738274840
353,an nimas,19.1455,42.1201,10.48,61,9,1.14,SA,1738274841
354,necochea,-38.5473,-58.7368,27.51,46,0,9.87,AR,1738274843
355,ulsteinvik,62.3432,5.8487,4.07,92,97,2.32,NO,1738274845
356,lazaro cardenas,17.9583,-102.2,28.17,58,1,4.17,MX,1738274846
357,holualoa,19.6228,-155.9522,29.35,62,20,10.8,US,1738274847
358,prince rupert,54.3161,-130.3201,1.43,48,3,1.19,CA,1738274849
359,mani,4.8172,-72.2886,32.65,42,91,3.55,CO,1738274850
360,mizdah,31.4451,12.9801,10.52,32,0,2.97,LY,1738274851
361,fuglafjordur,62.244,-6.814,1.71,66,100,6.85,FO,1738274853
362,fort bragg,35.139,-79.006,16.57,34,100,2.57,US,1738274854
363,tateyama,34.9833,139.8667,5.36,50,36,3.27,JP,1738274855
364,as sulayyil,20.4607,45.5779,14.22,39,2,4.33,SA,1738274857
365,korla,41.7597,86.1469,-7.07,74,100,2.09,CN,1738274858
366,calama,-22.4667,-68.9333,25.27,14,0,11.83,CL,1738274859
367,skeldon,5.8833,-57.1333,25.37,82,96,3.54,GY,1738274862
368,tsiombe,-25.3,45.4833,24.73,89,27,3.17,MG,1738274864
369,shihezi,44.3,86.0333,-6.9,93,100,1.77,CN,1738274866
370,san rafael,-34.6177,-68.3301,34.64,24,0,7.33,AR,1738274868
371,puerto francisco de orellana,-0.4667,-76.9667,28.03,74,40,1.54,EC,1738274869
372,hanawa,40.1836,140.7872,-2.77,93,100,5.82,JP,1738274872
373,labrador city,52.9463,-66.9114,-26.75,88,100,7.92,CA,1738274873
374,honiara,-9.4333,159.95,27.09,79,100,2.66,SB,1738274594
375,odda,60.0691,6.5457,0.1,92,100,1.61,NO,1738274876
376,ambalangoda,6.2355,80.0538,24.4,90,47,2.17,LK,1738274877
377,ciudad lazaro cardenas,17.9583,-102.2,28.17,58,1,4.17,MX,1738274878
378,zheshart,62.0731,49.5733,0.4,98,100,2.86,RU,1738274880
379,thulamahashi,-24.7246,31.1994,22.77,79,9,2.05,ZA,1738274881
380,corumba,-19.0092,-57.6533,26.18,80,100,3.1,BR,1738274882
381,port saint john's,-31.6229,29.5448,24.16,92,5,4.74,ZA,1738274884
382,bikenibeu village,1.3673,173.1241,27.98,89,75,5.66,KI,1738274885
383,safford,32.834,-109.7076,14.51,36,0,9.77,US,1738274886
384,rovaniemi,66.5,25.7167,-0.33,93,100,2.57,FI,1738274888
385,nuevitas,21.5453,-77.2644,25.05,62,3,6.2,CU,1738274889
386,undurkhaan,47.3194,110.6556,-21.89,96,21,2.26,MN,1738274890
387,new norfolk,-42.7826,147.0587,17.73,60,37,1.58,AU,1738274892
388,veinticinco de mayo,-35.4323,-60.1727,35.19,21,0,5.18,AR,1738274893
389,manta,-0.95,-80.7333,27.88,74,20,6.69,EC,1738274710
390,muisne,0.6,-80.0333,25.72,86,98,4.38,EC,1738274896
391,recreo,-29.2818,-65.061,33.4,31,0,7.12,AR,1738274897
392,fada,7.25,4.0667,25.09,82,8,1.0,NG,1738274898
393,sumbawa besar,-8.5,117.4333,23.96,98,100,3.22,ID,1738274900
394,ayorou,14.7308,0.9174,23.15,13,36,3.99,NE,1738274901
395,bel ombre,-4.6167,55.4167,26.83,77,50,4.51,SC,1738274903
396,kuching,1.55,110.3333,25.6,95,40,2.24,MY,1738274904
397,emmett,43.8735,-116.4993,7.77,40,65,2.25,US,1738274905
398,biskra,34.8504,5.7281,13.37,30,84,6.23,DZ,1738274907
399,guerrero negro,27.9769,-114.0611,16.06,59,0,6.51,MX,1738274908
400,kayangel,8.0823,134.7173,28.41,79,100,10.58,PW,1738274909
401,whakatane,-37.9585,176.9854,21.58,50,98,1.03,NZ,1738274911
402,karema,-6.8205,30.4389,20.56,87,100,2.19,TZ,1738274912
403,mentougou,39.9392,116.0917,-5.92,81,100,0.87,CN,1738274913
404,cestos city,5.46,-9.5828,26.88,86,24,3.47,LR,1738274915
405,aldan,58.6031,125.3894,-29.65,98,100,0.6,RU,1738274916
406,lexington,37.9887,-84.4777,6.64,81,100,3.09,US,1738274871
407,salekhard,66.53,66.6019,-23.64,99,100,2.82,RU,1738274919
408,maracaibo,10.6317,-71.6406,28.98,63,67,7.35,VE,1738274920
409,pandan,14.0453,124.1694,25.01,88,100,7.47,PH,1738274922
410,tyuratam,45.6507,63.3156,-3.56,97,86,3.14,KZ,1738274923
411,ulladulla,-35.35,150.4667,18.69,91,100,2.27,AU,1738274924
412,faaa,-17.55,-149.6,30.98,66,0,7.6,PF,1738274926
413,chui,-33.6971,-53.4616,22.37,76,0,4.61,UY,1738274927
414,waingapu,-9.6567,120.2641,25.1,85,100,4.63,ID,1738274929
415,port alfred,-33.5906,26.891,22.32,92,89,2.24,ZA,1738274930
416,chongqing,29.5628,106.5528,9.02,89,100,0.7,CN,1738274932
417,senanga,-16.1167,23.2667,20.03,92,87,2.27,ZM,1738274934
418,al-hamdaniya,36.2715,43.3737,6.5,35,0,2.58,IQ,1738274935
419,st. john's,47.5649,-52.7093,-4.34,90,100,8.23,CA,1738274936
420,kapuskasing,49.4169,-82.4331,-8.84,93,100,1.57,CA,1738274938
421,saskatoon,52.1168,-106.6345,-10.01,92,100,8.75,CA,1738274701
422,boromo,11.75,-2.9333,26.98,12,87,2.87,BF,1738274940
423,shiyan,32.6475,110.7781,2.44,99,100,1.19,CN,1738274941
424,bamboo flat,11.7,92.7167,24.66,75,6,2.73,IN,1738274943
425,anqing,30.5092,117.0506,11.22,47,99,0.98,CN,1738274944
426,hadibu,12.65,54.0333,22.65,78,56,4.79,YE,1738274945
427,solnechnyy,50.7214,136.6319,-18.16,80,100,2.61,RU,1738274947
428,tual,-5.6667,132.75,28.4,79,96,6.59,ID,1738274948
429,praia da vitoria,38.7333,-27.0667,15.41,89,100,6.49,PT,1738274949
430,yekaterinoslavka,50.3734,129.1139,-23.48,100,100,0.7,RU,1738274951
431,aykhal,66.0,111.5,-27.57,98,94,2.82,RU,1738274952
432,sehwan,26.4279,67.863,14.84,28,0,2.83,PK,1738274953
433,enriquillo,17.9,-71.2333,25.75,76,11,4.52,DO,1738274955
434,queenstown,-31.8976,26.8753,21.62,80,54,0.65,ZA,1738274956
435,zvoristea,47.8333,26.2833,6.9,100,0,1.03,RO,1738274958
436,floro,61.5996,5.0328,3.98,93,75,3.6,NO,1738274960
437,igarka,67.4667,86.5833,-26.15,93,100,4.32,RU,1738274962
438,qui nhon,13.7667,109.2333,17.87,91,100,2.95,VN,1738274964
439,mmabatho,-25.85,25.6333,24.42,38,59,2.78,ZA,1738274966
440,onchan,54.1733,-4.4532,5.56,82,100,6.7,IM,1738274967
441,byron,44.0327,-92.6455,11.68,33,0,0.0,US,1738274969
442,vicuna,-30.0319,-70.7081,31.29,40,1,3.58,CL,1738274970
443,prachuap khiri khan,12.2167,99.75,17.1,73,95,1.27,TH,1738274972
444,fale old settlement,-9.3852,-171.2468,28.76,71,33,8.1,TK,1738274973
445,east london,-33.0153,27.9116,24.04,91,73,5.34,ZA,1738274974
446,otjiwarongo,-20.4637,16.6477,22.58,52,74,5.91,NA,1738274976
447,sault ste. marie,46.5168,-84.3333,-0.84,69,75,2.06,CA,1738274977
448,menongue,-14.6585,17.691,19.35,82,98,2.54,AO,1738274978
449,al bayda',32.7627,21.7551,8.7,79,45,2.75,LY,1738274980
450,namibe,-15.1961,12.1522,23.14,79,82,3.81,AO,1738274981
451,komsomol'skiy,43.9783,46.6985,4.28,91,88,2.98,RU,1738274982
452,pitimbu,-7.4706,-34.8086,26.85,69,13,4.11,BR,1738274983
453,siem reap,13.5,104.0,17.77,69,81,0.55,KH,1738274986
454,pariaman,-0.619,100.12,24.03,82,100,1.99,ID,1738274987
455,daru,-9.0763,143.2092,25.53,91,100,3.82,PG,1738274988
456,vieux-habitants,16.0589,-61.7659,26.34,76,3,5.03,GP,1738274991
457,mount isa,-20.7333,139.5,30.87,55,0,2.57,AU,1738274992
458,srivardhan,18.0333,73.0167,23.09,57,2,3.74,IN,1738274994
459,rosetta,31.4044,30.4164,14.99,64,0,3.76,EG,1738274995
460,sergeyevka,53.88,67.4158,-25.42,100,74,1.67,KZ,1738274996
461,lorengau,-2.0226,147.2712,28.71,70,99,1.57,PG,1738274998
462,ola,59.5833,151.2833,-23.62,81,1,4.94,RU,1738274999
463,limavady,55.0504,-6.9507,6.87,87,75,9.26,GB,1738275001
464,mawlaik,23.6333,94.4167,11.71,63,95,0.47,MM,1738275003
465,skiathos,39.1623,23.4909,12.21,83,15,3.74,GR,1738275004
466,yegor'yevsk,55.3783,39.0411,3.39,90,61,3.7,RU,1738275006
467,sarangani,5.4033,125.4636,28.1,76,78,11.49,PH,1738275007
468,el calafate,-50.3408,-72.2768,14.54,41,99,5.53,AR,1738275008
469,terrace,54.5163,-128.6035,-0.62,55,5,0.64,CA,1738274828
470,trail,49.0998,-117.7022,1.67,80,100,0.62,CA,1738274734
471,saint-denis,48.9167,2.3333,3.97,88,0,1.54,FR,1738275012
472,kailua-kona,19.6406,-155.9956,31.42,61,20,10.8,US,1738275014
473,fort st. john,56.2499,-120.8529,-12.06,85,75,3.6,CA,1738275015
474,boende,-0.2167,20.8667,26.28,55,98,0.81,CD,1738275018
475,monrovia,6.3005,-10.7969,26.96,83,33,2.76,LR,1738274757
476,kromy,52.6876,35.7667,3.33,91,0,2.75,RU,1738275021
477,dunedin,-45.8742,170.5036,18.22,61,81,3.13,NZ,1738275023
478,yuzhno-kurilsk,44.0306,145.8556,-1.21,95,100,11.5,RU,1738275024
479,aginskoye,51.1,114.53,-31.5,100,58,1.94,RU,1738275025
480,tshikapa,-6.4167,20.8,21.52,93,100,0.73,CD,1738275027
481,jiayuguan,39.8167,98.3,-6.11,36,84,0.65,CN,1738275028
482,talwandi bhai,30.85,74.9333,10.15,53,0,2.56,IN,1738275029
483,nemuro,43.3236,145.575,-0.9,75,100,10.15,JP,1738275031
484,nikolayevsk-on-amure,53.1406,140.73,-23.88,95,100,1.7,RU,1738275032
485,kenora,49.8167,-94.4337,-0.68,68,100,2.68,CA,1738275034
486,lamesa,32.7376,-101.951,12.13,20,1,11.06,US,1738275035
487,peace river,56.2501,-117.286,-13.83,78,100,5.66,CA,1738275036
488,kemise,10.7167,39.8667,19.19,61,79,1.07,ET,1738275038
489,tambura,5.6,27.4667,22.11,24,0,2.2,SS,1738275043
490,calvinia,-31.4707,19.776,14.21,81,0,3.36,ZA,1738275044
491,pattaya,12.9333,100.8833,21.47,71,24,1.12,TH,1738275045
492,san ignacio,17.1561,-89.0714,31.08,66,75,0.0,BZ,1738275047
493,madison,34.7334,-86.5667,18.86,53,0,4.12,US,1738275048
494,sittwe,20.15,92.9,17.52,71,34,3.26,MM,1738275050
495,tazovsky,67.4667,78.7,-25.65,99,78,3.44,RU,1738275051
496,benguela,-12.5763,13.4055,25.89,75,100,0.6,AO,1738275053
497,katsuura,35.1333,140.3,4.91,51,0,4.84,JP,1738275054
498,borkum,53.5809,6.6915,5.52,74,14,8.59,DE,1738275056
499,prata,-19.3072,-48.9242,22.69,88,99,1.8,BR,1738275057
500,bereket,39.2446,55.5154,2.04,65,0,4.58,TM,1738275058
501,leava,-14.3,-178.1667,27.49,78,87,5.94,WF,1738275059
502,belmonte,-15.8631,-38.8828,24.87,80,48,3.1,BR,1738275061
503,melekeok village,7.4957,134.6367,28.09,76,100,9.81,PW,1738275062
504,baoro,5.6667,15.9667,20.65,20,30,2.48,CF,1738275063
505,yar,58.249,52.1026,-0.01,98,100,3.62,RU,1738275064
506,sur,22.5667,59.5289,20.6,59,0,4.92,OM,1738275067
507,pimentel,-6.8367,-79.9342,26.16,65,0,10.8,PE,1738275068
508,quatre cocos,-20.2078,57.7625,26.16,78,22,3.35,MU,1738275070
509,spring creek,40.7266,-115.5859,7.83,33,0,2.18,US,1738275002
510,igbo-ora,7.4333,3.2833,27.71,65,26,2.39,NG,1738275075
511,bubaque,11.2833,-15.8333,25.26,74,1,4.74,GW,1738275076
512,alamos,27.0167,-108.9333,22.21,9,0,3.42,MX,1738275078
513,oranjemund,-28.55,16.4333,17.02,89,0,1.49,NA,1738275079
514,tutoia,-2.7619,-42.2744,25.8,88,100,4.14,BR,1738275081
515,heroica caborca,30.7167,-112.15,18.28,23,0,2.93,MX,1738275082
516,kulhudhuffushi,6.6221,73.07,27.09,75,86,2.95,MV,1738275085
517,mont-dore,-22.2833,166.5833,30.57,63,35,5.2,NC,1738275086
518,buka,40.8108,69.1986,-0.04,74,32,2.37,UZ,1738275088
519,severo-yeniseyskiy,60.3725,93.0408,-35.19,100,16,1.34,RU,1738275089
520,serdar,38.9764,56.2757,1.7,67,0,3.63,TM,1738275090
521,porbandar,21.6422,69.6093,19.95,80,5,4.09,IN,1738275092
522,yanchep,-31.55,115.6833,20.57,90,0,0.73,AU,1738275093
523,jianshui,23.6363,102.8264,8.48,97,17,2.18,CN,1738275094
524,gergebil',42.5047,47.0661,5.31,44,100,0.93,RU,1738275096
525,boca do acre,-8.7522,-67.3978,26.17,84,97,0.72,BR,1738275099
526,kijang,35.2442,129.2139,0.79,57,9,1.84,KR,1738275101
527,grand falls-windsor,48.9332,-55.6649,-11.39,81,100,1.79,CA,1738275102
528,taksimo,56.3444,114.8794,-24.38,96,100,0.06,RU,1738275103
529,kashgar,39.4547,75.9797,-4.07,39,49,0.38,CN,1738275105
530,trincomalee,8.5711,81.2335,26.16,82,49,3.46,LK,1738275106
531,indramayu,-6.3264,108.32,24.92,86,100,5.73,ID,1738275107
532,preili,56.2944,26.7246,3.61,89,66,4.35,LV,1738275109
533,altamira,-3.2033,-52.2064,23.49,97,88,1.96,BR,1738275110
534,quellon,-43.1167,-73.6167,19.33,62,21,4.36,CL,1738275112
535,sungailiat,-1.85,106.1333,24.81,85,88,3.97,ID,1738275113
536,crane,31.3974,-102.3501,13.99,21,3,12.94,US,1738275114
537,yantarnyy,54.8717,19.9381,5.07,86,100,3.91,RU,1738275116
538,pacific grove,36.6177,-121.9166,12.03,80,100,2.24,US,1738275117
539,vila do maio,15.1333,-23.2167,22.14,79,0,10.25,CV,1738275118
540,las terrenas,19.311,-69.5428,25.79,81,8,4.87,DO,1738275121
541,yatou,37.15,122.3833,2.05,98,100,4.23,CN,1738275122
542,pangoa,-12.1167,-73.0,22.76,97,100,0.24,PE,1738275124
543,champerico,14.3,-91.9167,29.54,60,0,4.91,GT,1738275125
544,misratah,32.3754,15.0925,14.91,53,6,5.99,LY,1738275126
545,harper,4.375,-7.7169,26.73,85,9,3.21,LR,1738275128
546,chegdomyn,51.1167,133.0167,-25.87,98,100,0.73,RU,1738275129
547,kavaratti,10.5669,72.642,27.48,72,51,3.11,IN,1738275132
548,stiens,53.2623,5.7577,3.88,83,20,3.09,NL,1738275133
549,kodinsk,58.6881,99.1844,-35.36,100,32,1.25,RU,1738275135
550,castillos,-34.1667,-53.8333,22.29,65,0,3.85,UY,1738275136
551,okha,53.5739,142.9478,-13.27,96,100,6.19,RU,1738275137
552,odesskoye,54.2111,72.9651,-21.95,100,78,3.26,RU,1738275139
553,sakakah,29.9697,40.2064,7.76,35,66,2.4,SA,1738275140
554,stony plain,53.5334,-114.0021,-7.8,87,100,0.45,CA,1738275141
555,al fujairah city,25.1164,56.3414,20.07,60,20,5.14,AE,1738275143
556,port augusta,-32.5,137.7667,21.32,41,0,3.86,AU,1738275144
557,foso,5.7012,-1.2866,25.75,79,79,1.7,GH,1738275145
558,berdigestyakh,62.0989,126.6992,-40.91,100,100,0.71,RU,1738275149
559,indaparapeo,19.7833,-100.9667,24.38,27,40,6.69,MX,1738275151
560,susangerd,31.5608,48.1831,13.84,32,0,4.38,IR,1738275152
561,zakynthos,37.7914,20.8953,14.12,73,24,5.77,GR,1738275153
562,vernon,50.2581,-119.2691,1.91,62,100,0.89,CA,1738275155
563,mana,5.6592,-53.7767,25.53,86,96,4.65,GF,1738275156
564,buchholz in der nordheide,53.3333,9.8667,2.55,92,100,3.64,DE,1738275157
565,san pedro pochutla,15.7333,-96.4667,30.84,51,0,3.92,MX,1738275158
566,meadow lakes,61.6247,-149.6011,-15.95,72,0,0.45,US,1738275160
567,machico,32.7,-16.7667,16.35,71,20,6.17,PT,1738275161
568,berezovyy,51.6667,135.7,-20.1,84,100,2.07,RU,1738275163
569,laojunmiao,39.8333,97.7333,-7.16,33,67,1.77,CN,1738275164
570,san antonio de pale,-1.4014,5.6325,27.14,79,100,2.07,GQ,1738275165
571,amos,48.5669,-78.1162,-10.76,95,100,2.43,CA,1738275167
572,dwarka,22.2394,68.9678,20.85,78,6,5.36,IN,1738275168
573,ibiuna,-23.6564,-47.2225,19.28,98,96,1.82,BR,1738275169
574,norilsk,69.3535,88.2027,-20.38,98,100,2.7,RU,1738274942
575,padang,-0.9492,100.3543,24.03,84,100,1.71,ID,1738275172
576,fiuggi,41.7986,13.2203,6.96,74,78,1.23,IT,1738275174
577,nantucket,41.2835,-70.0995,-1.94,37,0,6.17,US,1738275176
578,hell-ville,-13.4,48.2667,27.95,80,8,4.05,MG,1738275178
579,ayr,55.4627,-4.6339,4.72,88,75,4.63,GB,1738275179
580,arkhangel'sk,64.5401,40.5433,0.06,100,100,4.0,RU,1738275180
